{
  "Profiles": [
    {
      "Ambiguous Double Width": false,
      "Ansi 0 Color (Dark)": {
        "Alpha Component": 1,
        "Blue Component": 0.3803921568627451,
        "Color Space": "sRGB",
        "Green Component": 0.3803921568627451,
        "Red Component": 0.3803921568627451
      },
      "Ansi 0 Color (Light)": {
        "Alpha Component": 1,
        "Blue Component": 0.12941176470588237,
        "Color Space": "sRGB",
        "Green Component": 0.12941176470588237,
        "Red Component": 0.12941176470588237
      },
      "Ansi 1 Color (Dark)": {
        "Alpha Component": 1,
        "Blue Component": 0.4470588235294118,
        "Color Space": "sRGB",
        "Green Component": 0.5098039215686274,
        "Red Component": 1
      },
      "Ansi 1 Color (Light)": {
        "Alpha Component": 1,
        "Blue Component": 0.44313725490196076,
        "Color Space": "sRGB",
        "Green Component": 0.027450980392156862,
        "Red Component": 0.7647058823529411
      },
      "Ansi 10 Color (Dark)": {
        "Alpha Component": 1,
        "Blue Component": 0.7254901960784313,
        "Color Space": "sRGB",
        "Green Component": 0.9882352941176471,
        "Red Component": 0.8392156862745098
      },
      "Ansi 10 Color (Light)": {
        "Alpha Component": 1,
        "Blue Component": 0.6862745098039216,
        "Color Space": "sRGB",
        "Green Component": 0.8431372549019608,
        "Red Component": 0.37254901960784315
      },
      "Ansi 11 Color (Dark)": {
        "Alpha Component": 1,
        "Blue Component": 0.8352941176470589,
        "Color Space": "sRGB",
        "Green Component": 0.9921568627450981,
        "Red Component": 0.996078431372549
      },
      "Ansi 11 Color (Light)": {
        "Alpha Component": 1,
        "Blue Component": 0.18823529411764706,
        "Color Space": "sRGB",
        "Green Component": 0.8941176470588236,
        "Red Component": 0.9529411764705882
      },
      "Ansi 12 Color (Dark)": {
        "Alpha Component": 1,
        "Blue Component": 0.996078431372549,
        "Color Space": "sRGB",
        "Green Component": 0.8901960784313725,
        "Red Component": 0.7568627450980392
      },
      "Ansi 12 Color (Light)": {
        "Alpha Component": 1,
        "Blue Component": 0.9882352941176471,
        "Color Space": "sRGB",
        "Green Component": 0.7333333333333333,
        "Red Component": 0.12549019607843137
      },
      "Ansi 13 Color (Dark)": {
        "Alpha Component": 1,
        "Blue Component": 0.996078431372549,
        "Color Space": "sRGB",
        "Green Component": 0.6941176470588235,
        "Red Component": 1
      },
      "Ansi 13 Color (Light)": {
        "Alpha Component": 1,
        "Blue Component": 0.8705882352941177,
        "Color Space": "sRGB",
        "Green Component": 0.3333333333333333,
        "Red Component": 0.40784313725490196
      },
      "Ansi 14 Color (Dark)": {
        "Alpha Component": 1,
        "Blue Component": 0.996078431372549,
        "Color Space": "sRGB",
        "Green Component": 0.9019607843137255,
        "Red Component": 0.8980392156862745
      },
      "Ansi 14 Color (Light)": {
        "Alpha Component": 1,
        "Blue Component": 0.8,
        "Color Space": "sRGB",
        "Green Component": 0.7215686274509804,
        "Red Component": 0.30980392156862746
      },
      "Ansi 15 Color (Dark)": {
        "Alpha Component": 1,
        "Blue Component": 1,
        "Color Space": "sRGB",
        "Green Component": 1,
        "Red Component": 0.996078431372549
      },
      "Ansi 15 Color (Light)": {
        "Alpha Component": 1,
        "Blue Component": 0.9450980392156862,
        "Color Space": "sRGB",
        "Green Component": 0.9450980392156862,
        "Red Component": 0.9450980392156862
      },
      "Ansi 2 Color (Dark)": {
        "Alpha Component": 1,
        "Blue Component": 0.4470588235294118,
        "Color Space": "sRGB",
        "Green Component": 0.9803921568627451,
        "Red Component": 0.7058823529411765
      },
      "Ansi 2 Color (Light)": {
        "Alpha Component": 1,
        "Blue Component": 0.47058823529411764,
        "Color Space": "sRGB",
        "Green Component": 0.6549019607843137,
        "Red Component": 0.06274509803921569
      },
      "Ansi 3 Color (Dark)": {
        "Alpha Component": 1,
        "Blue Component": 0.7607843137254902,
        "Color Space": "sRGB",
        "Green Component": 0.9921568627450981,
        "Red Component": 0.996078431372549
      },
      "Ansi 3 Color (Light)": {
        "Alpha Component": 1,
        "Blue Component": 0.0784313725490196,
        "Color Space": "sRGB",
        "Green Component": 0.611764705882353,
        "Red Component": 0.6588235294117647
      },
      "Ansi 4 Color (Dark)": {
        "Alpha Component": 1,
        "Blue Component": 0.996078431372549,
        "Color Space": "sRGB",
        "Green Component": 0.8352941176470589,
        "Red Component": 0.6470588235294118
      },
      "Ansi 4 Color (Light)": {
        "Alpha Component": 1,
        "Blue Component": 0.7686274509803922,
        "Color Space": "sRGB",
        "Green Component": 0.5568627450980392,
        "Red Component": 0
      },
      "Ansi 5 Color (Dark)": {
        "Alpha Component": 1,
        "Blue Component": 0.9921568627450981,
        "Color Space": "sRGB",
        "Green Component": 0.5607843137254902,
        "Red Component": 1
      },
      "Ansi 5 Color (Light)": {
        "Alpha Component": 1,
        "Blue Component": 0.4745098039215686,
        "Color Space": "sRGB",
        "Green Component": 0.23529411764705882,
        "Red Component": 0.3215686274509804
      },
      "Ansi 6 Color (Dark)": {
        "Alpha Component": 1,
        "Blue Component": 0.996078431372549,
        "Color Space": "sRGB",
        "Green Component": 0.8196078431372549,
        "Red Component": 0.8156862745098039
      },
      "Ansi 6 Color (Light)": {
        "Alpha Component": 1,
        "Blue Component": 0.7294117647058823,
        "Color Space": "sRGB",
        "Green Component": 0.6470588235294118,
        "Red Component": 0.12549019607843137
      },
      "Ansi 7 Color (Dark)": {
        "Alpha Component": 1,
        "Blue Component": 0.9450980392156862,
        "Color Space": "sRGB",
        "Green Component": 0.9450980392156862,
        "Red Component": 0.9450980392156862
      },
      "Ansi 7 Color (Light)": {
        "Alpha Component": 1,
        "Blue Component": 0.8784313725490196,
        "Color Space": "sRGB",
        "Green Component": 0.8784313725490196,
        "Red Component": 0.8784313725490196
      },
      "Ansi 8 Color (Dark)": {
        "Alpha Component": 1,
        "Blue Component": 0.5568627450980392,
        "Color Space": "sRGB",
        "Green Component": 0.5568627450980392,
        "Red Component": 0.5568627450980392
      },
      "Ansi 8 Color (Light)": {
        "Alpha Component": 1,
        "Blue Component": 0.12941176470588237,
        "Color Space": "sRGB",
        "Green Component": 0.12941176470588237,
        "Red Component": 0.12941176470588237
      },
      "Ansi 9 Color (Dark)": {
        "Alpha Component": 1,
        "Blue Component": 0.7411764705882353,
        "Color Space": "sRGB",
        "Green Component": 0.7686274509803922,
        "Red Component": 1
      },
      "Ansi 9 Color (Light)": {
        "Alpha Component": 1,
        "Blue Component": 0.47843137254901963,
        "Color Space": "sRGB",
        "Green Component": 0,
        "Red Component": 0.984313725490196
      },
      "ASCII Anti Aliased": true,
      "ASCII Ligatures": false,
      "Background Color (Dark)": {
        "Alpha Component": 1,
        "Blue Component": 0,
        "Color Space": "sRGB",
        "Green Component": 0,
        "Red Component": 0
      },
      "Background Color (Light)": {
        "Alpha Component": 1,
        "Blue Component": 1,
        "Color Space": "sRGB",
        "Green Component": 1,